#List - Latest @ 2026-07-16 09:41 (UTC-07:00),,,,,
Identifier,Location,Location Folder,Location Type,Value,Status
08LC0001,Duteau at Whitevale Road (DUT1),Locations.HYDROMETRIC,Hydrometric,Hydrometric,Hydrometric (Other)
08LC0002,Nicklen Creek at outlet of Nicklen Dam (NIK1),Locations.HYDROMETRIC,Hydrometric,Hydrometric,Hydrometric (Other)
08LC0003,Nicklen Lake (NIKL),Locations.HYDROMETRIC,Hydrometric,Hydrometric,Hydrometric (Other)
08NM0002,Equesis Creek near the Mouth,Locations.HYDROMETRIC,Hydrometric,Hydrometric,Hydrometric (Other)
08NM0003,Vaseux Creek near the Mouth,Locations.HYDROMETRIC,Hydrometric,Hydrometric,Hydrometric (Other)
08NM0004,Shorts Creek at the Canyon,Locations.HYDROMETRIC,Hydrometric,Hydrometric,Hydrometric (Other)
08NM0005,Upper Vernon Creek below Swalwell Lake,Locations.HYDROMETRIC,Hydrometric,Hydrometric,Hydrometric (Other)
08NM0006,Coldstream Creek Near McClounie Road,Locations.HYDROMETRIC,Hydrometric,Hydrometric,Hydrometric (Other)
08NM0007,Equesis Creek at the Mouth,Locations.HYDROMETRIC,Hydrometric,Hydrometric,Hydrometric (Other)
08NM0008,Equesis Creek at Bonneau Road,Locations.HYDROMETRIC,Hydrometric,Hydrometric,Hydrometric (Other)
08NM0009,Lower Vernon Creek near Okanagan Landing Road,Locations.HYDROMETRIC,Hydrometric,Hydrometric,Hydrometric (Other)
08NM0010,McDougall Creek near the Mouth,Locations.HYDROMETRIC,Hydrometric,Hydrometric,Hydrometric (Other)
08NM0011,McDougall Creek at Bartley Road,Locations.HYDROMETRIC,Hydrometric,Hydrometric,Hydrometric (Other)
08NM0012,Mission Creek above Gordon Drive,Locations.HYDROMETRIC,Hydrometric,Hydrometric,Hydrometric (Other)
08NM0013,Mission Creek at Casorso Road,Locations.HYDROMETRIC,Hydrometric,Hydrometric,Hydrometric (Other)
08NM0014,Mission Creek upstream of KLO Road,Locations.HYDROMETRIC,Hydrometric,Hydrometric,Hydrometric (Other)
08NM0015,Mission Creek at Ziprick Road,Locations.HYDROMETRIC,Hydrometric,Hydrometric,Hydrometric (Other)
08NM0017,Mission Creek at Hollywood Road,Locations.HYDROMETRIC,Hydrometric,Hydrometric,Hydrometric (Other)
08NM0018,Mission Creek at 12km Bridge,Locations.HYDROMETRIC,Hydrometric,Hydrometric,Hydrometric (Other)
08NM0019,Mission Creek below KLO Creek,Locations.HYDROMETRIC,Hydrometric,Hydrometric,Hydrometric (Other)
08NM0020,Mission Creek above BMID Intake,Locations.HYDROMETRIC,Hydrometric,Hydrometric,Hydrometric (Other)
08NM0021,Mission Creek Upstream of East Kelowna Road,Locations.HYDROMETRIC,Hydrometric,Hydrometric,Hydrometric (Other)
08NM0022,Benvoulin WUC Diversion Channel,Locations.HYDROMETRIC,Hydrometric,Hydrometric,Hydrometric (Other)
08NM0023,Mission Creek Downstream of KLO Road,Locations.HYDROMETRIC,Hydrometric,Hydrometric,Hydrometric (Other)
08NM0024,Priest Creek at the Mouth,Locations.HYDROMETRIC,Hydrometric,Hydrometric,Hydrometric (Other)
08NM0025,KLO Creek Near the Mouth,Locations.HYDROMETRIC,Hydrometric,Hydrometric,Hydrometric (Other)
08NM0026,Naswhito Creek near Mouth,Locations.HYDROMETRIC,Hydrometric,Hydrometric,Hydrometric (Other)
08NM0027,Swalwell/Beaver Lake,Locations.HYDROMETRIC,Hydrometric,Hydrometric,Hydrometric (Other)
08NM0028,Upper Vernon Creek below Clark Creek,Locations.HYDROMETRIC,Hydrometric,Hydrometric,Hydrometric (Other)
08NM0029,Middle Vernon Creek at Lodge Road,Locations.HYDROMETRIC,Hydrometric,Hydrometric,Hydrometric (Other)
08NM0030,Middle Vernon Creek below Ellison Lake,Locations.HYDROMETRIC,Hydrometric,Hydrometric,Hydrometric (Other)
08NM0031,Ellison Lake near Inlet,Locations.HYDROMETRIC,Hydrometric,Hydrometric,Hydrometric (Other)
08NM0032,Middle Vernon Creek at Reimche Road,Locations.HYDROMETRIC,Hydrometric,Hydrometric,Hydrometric (Other)
08NM0033,Whiteman Creek near Mouth,Locations.HYDROMETRIC,Hydrometric,Hydrometric,Hydrometric (Other)
08NM0034,Ellison Lake near Outlet,Locations.HYDROMETRIC,Hydrometric,Hydrometric,Hydrometric (Other)
08NM0035,Trout Creek at Canyon Mouth,Locations.HYDROMETRIC,Hydrometric,Hydrometric,Hydrometric (Other)
08NM0036,Trepanier Creek at Highway 97,Locations.HYDROMETRIC,Hydrometric,Hydrometric,Hydrometric (Other)
08NM0037,Trepanier Creek downstream of Highway 97C,Locations.HYDROMETRIC,Hydrometric,Hydrometric,Hydrometric (Other)
08NM0038,Trepanier Creek upstream of Highway 97C,Locations.HYDROMETRIC,Hydrometric,Hydrometric,Hydrometric (Other)
08NM0039,Powers Creek at Gellatly Road,Locations.HYDROMETRIC,Hydrometric,Hydrometric,Hydrometric (Other)
08NM0040,Pearson Creek near the Mouth,Locations.HYDROMETRIC,Hydrometric,Hydrometric,Hydrometric (Other)
08NM0041,Pearson Creek at Road Bridge,Locations.HYDROMETRIC,Hydrometric,Hydrometric,Hydrometric (Other)
08NM0043,Middle Vernon Creek at Beaver Lake Road,Locations.HYDROMETRIC,Hydrometric,Hydrometric,Hydrometric (Other)
08NM0044,Swan Lake at outlet of control structure,Locations.HYDROMETRIC,Hydrometric,Hydrometric,Hydrometric (Other)
08NM0047,Shuttleworth Creek at Maple St,Locations.HYDROMETRIC,Hydrometric,Hydrometric,Hydrometric (Other)
08NM0049,Naramata Creek at 3rd Street,Locations.HYDROMETRIC,Hydrometric,Hydrometric,Hydrometric (Other)
08NM0050,Deep Creek at Antoine Road,Locations.HYDROMETRIC,Hydrometric,Hydrometric,Hydrometric (Other)
08NM0051,McLean Creek at Devon Drive,Locations.HYDROMETRIC,Hydrometric,Hydrometric,Hydrometric (Other)
08NM0052,Powers Creek near Mouth,Locations.HYDROMETRIC,Hydrometric,Hydrometric,Hydrometric (Other)
08NM0053,Trepanier Creek near Mouth,Locations.HYDROMETRIC,Hydrometric,Hydrometric,Hydrometric (Other)
08NM0054,Peachland Creek near Mouth,Locations.HYDROMETRIC,Hydrometric,Hydrometric,Hydrometric (Other)
08NM0055,Brandt's Creek at Brant Ave,Locations.HYDROMETRIC,Hydrometric,Hydrometric,Hydrometric (Other)
08NM0056,Brandt's Creek at Clement Ave,Locations.HYDROMETRIC,Hydrometric,Hydrometric,Hydrometric (Other)
08NM0057,Scotty Creek at Old Vernon Road,Locations.HYDROMETRIC,Hydrometric,Hydrometric,Hydrometric (Other)
08NM0058,Mill Creek at Sutherland Bridge,Locations.HYDROMETRIC,Hydrometric,Hydrometric,Hydrometric (Other)
08NM0059,Mill Creek at Regional Park,Locations.HYDROMETRIC,Hydrometric,Hydrometric,Hydrometric (Other)
08NM0060,Mill Creek at Fenwick Road,Locations.HYDROMETRIC,Hydrometric,Hydrometric,Hydrometric (Other)
08NM0064,Mill Creek at Parkinson Recreation Centre,Locations.HYDROMETRIC,Hydrometric,Hydrometric,Hydrometric (Other)
08NM0065,Shorts Creek at Fintry Bridge,Locations.HYDROMETRIC,Hydrometric,Hydrometric,Hydrometric (Other)
1F01,Aberdeen Lake,Locations.SNOW.Manual Snow Sites,Snow Survey,Snow Survey,Snow
1F01A,Aberdeen Lake,Locations.SNOW.Manual Snow Sites,Snow Survey,Snow Survey,Snow
1F01B,Haddo Lake,Locations.SNOW.Manual Snow Sites,Snow Survey,Snow Survey,Snow
2E02,Carmi,Locations.SNOW.Manual Snow Sites,Snow Survey,Snow Survey,Snow
2E03,Big White Mountain,Locations.SNOW.Manual Snow Sites,Snow Survey,Snow Survey,Snow
2E04,Trapping Creek,Locations.SNOW.Manual Snow Sites,Snow Survey,Snow Survey,Snow
2F03,McCulloch,Locations.SNOW.Manual Snow Sites,Snow Survey,Snow Survey,Snow
2F03AP,McCulloch,Locations.SNOW.Snow Weather Stations,Snow Survey,Snow Survey,Snow
2F06,Bouleau Creek,Locations.SNOW.Manual Snow Sites,Snow Survey,Snow Survey,Snow
2F07,Postill Lake,Locations.SNOW.Manual Snow Sites,Snow Survey,Snow Survey,Snow
2F08,Greyback Reservoir,Locations.SNOW.Manual Snow Sites,Snow Survey,Snow Survey,Snow
2F08P,Greyback Reservoir,Locations.SNOW.Snow Weather Stations,Snow Survey,Snow Survey,Snow
2F09,Whiterocks Mountain,Locations.SNOW.Manual Snow Sites,Snow Survey,Snow Survey,Snow
2F09P,Whiterocks Mountain,Locations.SNOW.Snow Weather Stations,Snow Survey,Snow Survey,Snow
2F10,Silver Star Mountain,Locations.SNOW.Manual Snow Sites,Snow Survey,Snow Survey,Snow
2F10P,Silver Star Mountain,Locations.SNOW.Snow Weather Stations,Snow Survey,Snow Survey,Snow
2F12,Mount Kobau,Locations.SNOW.Manual Snow Sites,Snow Survey,Snow Survey,Snow
2F13,Esperon Creek Upper,Locations.SNOW.Manual Snow Sites,Snow Survey,Snow Survey,Snow
2F14,Esperon Creek Middle,Locations.SNOW.Manual Snow Sites,Snow Survey,Snow Survey,Snow
2F15,Esperon Creek Lower,Locations.SNOW.Manual Snow Sites,Snow Survey,Snow Survey,Snow
2F16,Carrs Landing (Lower),Locations.SNOW.Manual Snow Sites,Snow Survey,Snow Survey,Snow
2F17,Carrs Landing (Upper),Locations.SNOW.Manual Snow Sites,Snow Survey,Snow Survey,Snow
2F19,Oyama Lake,Locations.SNOW.Manual Snow Sites,Snow Survey,Snow Survey,Snow
2F19P,Oyama Lake,Locations.SNOW.Snow Weather Stations,Snow Survey,Snow Survey,Snow
2F20,Vaseux Creek,Locations.SNOW.Manual Snow Sites,Snow Survey,Snow Survey,Snow
2F21,Bouleau Lake,Locations.SNOW.Manual Snow Sites,Snow Survey,Snow Survey,Snow
2F22,Pearson Creek,Locations.SNOW.Manual Snow Sites,Snow Survey,Snow Survey,Snow
2F24,Islaht Lake,Locations.SNOW.Manual Snow Sites,Snow Survey,Snow Survey,Snow
2F25,Postill Lake Upper,Locations.SNOW.Manual Snow Sites,Snow Survey,Snow Survey,Snow
2F26P,Ellis Creek,Locations.SNOW.Snow Weather Stations,Snow Survey,Snow Survey,Snow
3ALE022,TWIG CREEK BELOW DOUGLAS LAKE ROAD CROSSING,Locations.HYDROMETRIC.Low Flow,Hydrometric,Hydrometric,Hydrometric (Other)
3ALE023,WEYMAN CREEK ABOVE BRIDGE AND DOUGLAS LAKE ROAD,Locations.HYDROMETRIC.Low Flow,Hydrometric,Hydrometric,Hydrometric (Other)
3BLC008,DEAFIE CREEK,Locations.HYDROMETRIC.Low Flow,Hydrometric,Hydrometric,Hydrometric (Other)
3BNL002,OLALLA CREEK,Locations.HYDROMETRIC.Low Flow,Hydrometric,Hydrometric,Hydrometric (Other)
3BNL003,CEDAR CREEK,Locations.HYDROMETRIC.Low Flow,Hydrometric,Hydrometric,Hydrometric (Other)
3BNM006,HOPE CREEK,Locations.HYDROMETRIC.Low Flow,Hydrometric,Hydrometric,Hydrometric (Other)
3BNM007,NORRIS CREEK,Locations.HYDROMETRIC.Low Flow,Hydrometric,Hydrometric,Hydrometric (Other)
3BNM008,TESTALINDEN CREEK,Locations.HYDROMETRIC.Low Flow,Hydrometric,Hydrometric,Hydrometric (Other)
3BNM009,GREENHOW CREEK,Locations.HYDROMETRIC.Low Flow,Hydrometric,Hydrometric,Hydrometric (Other)
3BNM010,PARK RILL CREEK,Locations.HYDROMETRIC.Low Flow,Hydrometric,Hydrometric,Hydrometric (Other)
3BNM011,REED CREEK,Locations.HYDROMETRIC.Low Flow,Hydrometric,Hydrometric,Hydrometric (Other)
3BNM012,MCLEAN CREEK,Locations.HYDROMETRIC.Low Flow,Hydrometric,Hydrometric,Hydrometric (Other)
3BNM013,STRUTT CREEK,Locations.HYDROMETRIC.Low Flow,Hydrometric,Hydrometric,Hydrometric (Other)
3BNM014,TURNBULL CREEK,Locations.HYDROMETRIC.Low Flow,Hydrometric,Hydrometric,Hydrometric (Other)
3BNM016,HUTLEY CREEK,Locations.HYDROMETRIC.Low Flow,Hydrometric,Hydrometric,Hydrometric (Other)
3BNM017,DEEP CREEK,Locations.HYDROMETRIC.Low Flow,Hydrometric,Hydrometric,Hydrometric (Other)
3BNM018,MCCUDDY CREEK,Locations.HYDROMETRIC.Low Flow,Hydrometric,Hydrometric,Hydrometric (Other)
3BNM019,BALDY CREEK,Locations.HYDROMETRIC.Low Flow,Hydrometric,Hydrometric,Hydrometric (Other)
3BNM020,INKANEEP CREEK,Locations.HYDROMETRIC.Low Flow,Hydrometric,Hydrometric,Hydrometric (Other)
3BNM021,COSENS CREEK,Locations.HYDROMETRIC.Low Flow,Hydrometric,Hydrometric,Hydrometric (Other)
3BNM023,CARDINAL CREEK,Locations.HYDROMETRIC.Low Flow,Hydrometric,Hydrometric,Hydrometric (Other)
3BNM024,PEARSON CREEK,Locations.HYDROMETRIC.Low Flow,Hydrometric,Hydrometric,Hydrometric (Other)
3BNM025,DARLEY CREEK,Locations.HYDROMETRIC.Low Flow,Hydrometric,Hydrometric,Hydrometric (Other)
3BNM026,DARLEY TRIB 14,Locations.HYDROMETRIC.Low Flow,Hydrometric,Hydrometric,Hydrometric (Other)
3BNM027,SCHRAM CREEK,Locations.HYDROMETRIC.Low Flow,Hydrometric,Hydrometric,Hydrometric (Other)
3BNM028,BAILLEY CREEK,Locations.HYDROMETRIC.Low Flow,Hydrometric,Hydrometric,Hydrometric (Other)
3BNM029,DENNIS CREEK,Locations.HYDROMETRIC.Low Flow,Hydrometric,Hydrometric,Hydrometric (Other)
3BNM030,JAMES CREEK,Locations.HYDROMETRIC.Low Flow,Hydrometric,Hydrometric,Hydrometric (Other)
3BNM031,ELLIS CREEK NORTH,Locations.HYDROMETRIC.Low Flow,Hydrometric,Hydrometric,Hydrometric (Other)
3BNM033,HESTER CREEK,Locations.HYDROMETRIC.Low Flow,Hydrometric,Hydrometric,Hydrometric (Other)
3BNM034,JUNE CREEK,Locations.HYDROMETRIC.Low Flow,Hydrometric,Hydrometric,Hydrometric (Other)
3BNM035,SHINGLE CREEK,Locations.HYDROMETRIC.Low Flow,Hydrometric,Hydrometric,Hydrometric (Other)
3BNM040,BREWER CREEK,Locations.HYDROMETRIC.Low Flow,Hydrometric,Hydrometric,Hydrometric (Other)
3BNM041,CRASTER CREEK,Locations.HYDROMETRIC.Low Flow,Hydrometric,Hydrometric,Hydrometric (Other)
3BNM042,SHORT TRIB 5,Locations.HYDROMETRIC.Low Flow,Hydrometric,Hydrometric,Hydrometric (Other)
3BNM043,SHORT TRIB 6,Locations.HYDROMETRIC.Low Flow,Hydrometric,Hydrometric,Hydrometric (Other)
3BNM044,SHORT TRIB 7,Locations.HYDROMETRIC.Low Flow,Hydrometric,Hydrometric,Hydrometric (Other)
3BNM045,SHORT TRIB 23,Locations.HYDROMETRIC.Low Flow,Hydrometric,Hydrometric,Hydrometric (Other)
3BNM046,LEAN TO CREEK,Locations.HYDROMETRIC.Low Flow,Hydrometric,Hydrometric,Hydrometric (Other)
3BNM047,BELGO CREEK,Locations.HYDROMETRIC.Low Flow,Hydrometric,Hydrometric,Hydrometric (Other)
3BNM048,SHATFORD CREEK,Locations.HYDROMETRIC.Low Flow,Hydrometric,Hydrometric,Hydrometric (Other)
3BNM052,GREATA CREEK TRIB A,Locations.HYDROMETRIC.Low Flow,Hydrometric,Hydrometric,Hydrometric (Other)
3BNM054,MCGREGOR CREEK,Locations.HYDROMETRIC.Low Flow,Hydrometric,Hydrometric,Hydrometric (Other)
3BNM055,ALLAN CREEK,Locations.HYDROMETRIC.Low Flow,Hydrometric,Hydrometric,Hydrometric (Other)
3BNM056,SILVER CREEK,Locations.HYDROMETRIC.Low Flow,Hydrometric,Hydrometric,Hydrometric (Other)
3BNM057,APEX CREEK,Locations.HYDROMETRIC.Low Flow,Hydrometric,Hydrometric,Hydrometric (Other)
3BNM058,PRATHER CREEK,Locations.HYDROMETRIC.Low Flow,Hydrometric,Hydrometric,Hydrometric (Other)
3BNM059,COTEAY CREEK,Locations.HYDROMETRIC.Low Flow,Hydrometric,Hydrometric,Hydrometric (Other)
3BNM060,DUNWATER CREEK,Locations.HYDROMETRIC.Low Flow,Hydrometric,Hydrometric,Hydrometric (Other)
3BNM061,FOOLHEN CREEK,Locations.HYDROMETRIC.Low Flow,Hydrometric,Hydrometric,Hydrometric (Other)
3BNM063,SHORT TRIB 22,Locations.HYDROMETRIC.Low Flow,Hydrometric,Hydrometric,Hydrometric (Other)
3BNM064,GREYBACK CREEK,Locations.HYDROMETRIC.Low Flow,Hydrometric,Hydrometric,Hydrometric (Other)
3BNM065,DAVES CREEK AT FORESTRY ROAD U/S HIGHWAY 33,Locations.HYDROMETRIC.Low Flow,Hydrometric,Hydrometric,Hydrometric (Other)
3BNM066,CHUTE CREEK BELOW BRIDGE NEAR OKANAGAN LAKE,Locations.HYDROMETRIC.Low Flow,Hydrometric,Hydrometric,Hydrometric (Other)
3BNN004,MCKINNEY CREEK,Locations.HYDROMETRIC.Low Flow,Hydrometric,Hydrometric,Hydrometric (Other)
3BNN005,ROCK CREEK,Locations.HYDROMETRIC.Low Flow,Hydrometric,Hydrometric,Hydrometric (Other)
3BNN008,BAKER CREEK,Locations.HYDROMETRIC.Low Flow,Hydrometric,Hydrometric,Hydrometric (Other)
ELL001,Ellis Creek near Mouth,Locations.WATER QUALITY,Water Quality,Water Quality,Water Quality
ELL002,Ellis Creek u/s of Cantex Operations,Locations.WATER QUALITY,Water Quality,Water Quality,Water Quality
KER001,Keremeos Creek at Old Hwy,Locations.WATER QUALITY,Water Quality,Water Quality,Water Quality
MIS001,Mission Creek at Lakeshore Road Bridge,Locations.WATER QUALITY,Water Quality,Water Quality,Water Quality
MW367,Monitoring Well 367 - Summerland,Locations.GROUNDWATER,Groundwater,Groundwater,Groundwater
OW047,OBS WELL 047 - Silver Star Mountain,Locations.GROUNDWATER.Active Wells,Groundwater,Groundwater,Groundwater
OW053,OBS WELL 053 - Carrs Landing,Locations.GROUNDWATER.Inactive Wells,Groundwater,Groundwater,Groundwater
OW054,OBS WELL 054 - Carrs Landing,Locations.GROUNDWATER.Inactive Wells,Groundwater,Groundwater,Groundwater
OW057,OBS WELL 057 - Winfield,Locations.GROUNDWATER.Inactive Wells,Groundwater,Groundwater,Groundwater
OW075,OBS WELL 075 - Keremeos,Locations.GROUNDWATER.Active Wells,Groundwater,Groundwater,Groundwater
OW076,OBS WELL 076 - Keremeos,Locations.GROUNDWATER.Inactive Wells,Groundwater,Groundwater,Groundwater
OW077,OBS WELL 077 - Keremeos,Locations.GROUNDWATER.Inactive Wells,Groundwater,Groundwater,Groundwater
OW096,OBS WELL 096 - Osoyoos,Locations.GROUNDWATER.Inactive Wells,Groundwater,Groundwater,Groundwater
OW097,OBS WELL 097 - Osoyoos,Locations.GROUNDWATER.Inactive Wells,Groundwater,Groundwater,Groundwater
OW100,OBS WELL 100 - Osoyoos,Locations.GROUNDWATER.Inactive Wells,Groundwater,Groundwater,Groundwater
OW101,OBS WELL 101 - Osoyoos,Locations.GROUNDWATER.Inactive Wells,Groundwater,Groundwater,Groundwater
OW102,OBS WELL 102 - Osoyoos,Locations.GROUNDWATER.Inactive Wells,Groundwater,Groundwater,Groundwater
OW105,OBS WELL 105 - Osoyoos,Locations.GROUNDWATER.Inactive Wells,Groundwater,Groundwater,Groundwater
OW107,OBS WELL 107 - Osoyoos,Locations.GROUNDWATER.Inactive Wells,Groundwater,Groundwater,Groundwater
OW152,OBS WELL 152 - Summerland,Locations.GROUNDWATER.Inactive Wells,Groundwater,Groundwater,Groundwater
OW153,OBS WELL 153 - Summerland,Locations.GROUNDWATER.Inactive Wells,Groundwater,Groundwater,Groundwater
OW154,OBS WELL 154 - Summerland,Locations.GROUNDWATER.Active Wells,Groundwater,Groundwater,Groundwater
OW158,OBS WELL 158 - Summerland,Locations.GROUNDWATER.Inactive Wells,Groundwater,Groundwater,Groundwater
OW162,OBS WELL 162 - Oyama,Locations.GROUNDWATER.Inactive Wells,Groundwater,Groundwater,Groundwater
OW172,OBS WELL 172 - Oyama,Locations.GROUNDWATER.Active Wells,Groundwater,Groundwater,Groundwater
OW173,OBS WELL 173 - Oyama,Locations.GROUNDWATER.Inactive Wells,Groundwater,Groundwater,Groundwater
OW174,OBS WELL 174 - Oyama,Locations.GROUNDWATER.Inactive Wells,Groundwater,Groundwater,Groundwater
OW175,OBS WELL 175 - Oyama,Locations.GROUNDWATER.Inactive Wells,Groundwater,Groundwater,Groundwater
OW176,OBS WELL 176 - Oyama,Locations.GROUNDWATER.Inactive Wells,Groundwater,Groundwater,Groundwater
OW177,OBS WELL 177 - Lake Country,Locations.GROUNDWATER.Inactive Wells,Groundwater,Groundwater,Groundwater
OW180,OBS WELL 180 - Armstrong,Locations.GROUNDWATER.Active Wells,Groundwater,Groundwater,Groundwater
OW203,OBS WELL 203 - Cawston,Locations.GROUNDWATER.Active Wells,Groundwater,Groundwater,Groundwater
OW236,OBS WELL 236 - Rutland,Locations.GROUNDWATER.Active Wells,Groundwater,Groundwater,Groundwater
OW262,OBS WELL 262 - Kelowna,Locations.GROUNDWATER.Active Wells,Groundwater,Groundwater,Groundwater
OW264,OBS WELL 264 - Mt Kobau,Locations.GROUNDWATER.Active Wells,Groundwater,Groundwater,Groundwater
OW282,OBS WELL 282 - Willowbrook,Locations.GROUNDWATER.Active Wells,Groundwater,Groundwater,Groundwater
OW294,OBS WELL 294 - Lumby,Locations.GROUNDWATER.Active Wells,Groundwater,Groundwater,Groundwater
OW305,OBS WELL 305 - Kelowna,Locations.GROUNDWATER.Inactive Wells,Groundwater,Groundwater,Groundwater
OW306,OBS WELL 306 - Beaverdell,Locations.GROUNDWATER.Active Wells,Groundwater,Groundwater,Groundwater
OW311,OBS WELL 311 - Vernon,Locations.GROUNDWATER.Active Wells,Groundwater,Groundwater,Groundwater
OW322,OBS WELL 322 - Vernon,Locations.GROUNDWATER.Inactive Wells,Groundwater,Groundwater,Groundwater
OW332,OBS WELL 332 - Oliver,Locations.GROUNDWATER.Active Wells,Groundwater,Groundwater,Groundwater
OW348,OBS WELL 348 - Oliver,Locations.GROUNDWATER.Inactive Wells,Groundwater,Groundwater,Groundwater
OW356,OBS WELL 356 - Winfield,Locations.GROUNDWATER.Active Wells,Groundwater,Groundwater,Groundwater
OW366,OBS WELL 366 - Summerland,Locations.GROUNDWATER.Inactive Wells,Groundwater,Groundwater,Groundwater
OW387,OBS WELL 387 - Naramata,Locations.GROUNDWATER.Active Wells,Groundwater,Groundwater,Groundwater
OW401,OBS WELL 401 - Osoyoos,Locations.GROUNDWATER.Active Wells,Groundwater,Groundwater,Groundwater
OW402,OBS WELL 402 - Osoyoos,Locations.GROUNDWATER.Active Wells,Groundwater,Groundwater,Groundwater
OW403,OBS WELL 403 - Twin Lakes,Locations.GROUNDWATER.Active Wells,Groundwater,Groundwater,Groundwater
OW404,OBS WELL 404 - Twin Lakes,Locations.GROUNDWATER.Active Wells,Groundwater,Groundwater,Groundwater
OW405,OBS WELL 405 - Oliver,Locations.GROUNDWATER.Active Wells,Groundwater,Groundwater,Groundwater
OW407,OBS WELL 407 - Oliver,Locations.GROUNDWATER.Active Wells,Groundwater,Groundwater,Groundwater
OW410,OBS WELL 410 - Kelowna,Locations.GROUNDWATER.Active Wells,Groundwater,Groundwater,Groundwater
OW411,OBS WELL 411 - West Kelowna,Locations.GROUNDWATER.Active Wells,Groundwater,Groundwater,Groundwater
OW413,OBS WELL 413 - Kelowna,Locations.GROUNDWATER.Active Wells,Groundwater,Groundwater,Groundwater
OW442,OBS WELL 442 - Kelowna,Locations.GROUNDWATER.Active Wells,Groundwater,Groundwater,Groundwater
OW467,OBS WELL 467 - Osoyoos Lake,Locations.GROUNDWATER.Active Wells,Groundwater,Groundwater,Groundwater
OW487,OBS WELL 487 - Lumby,Locations.GROUNDWATER.Active Wells,Groundwater,Groundwater,Groundwater
OW506,OBS WELL 506 - Okanagan River,Locations.GROUNDWATER.Active Wells,Groundwater,Groundwater,Groundwater
OW512,OBS WELL 512 (DEEP) - South Okanagan Grasslands Protected Area,Locations.GROUNDWATER.Active Wells,Groundwater,Groundwater,Groundwater
PEN001,Penticton Creek Channel Restoration Site,Locations.WATER QUALITY,Water Quality,Water Quality,Water Quality
PEN002,Penticton Creek u/s of WTP,Locations.WATER QUALITY,Water Quality,Water Quality,Water Quality
SHI001,Shingle Creek at Mouth at OK River,Locations.WATER QUALITY,Water Quality,Water Quality,Water Quality
SHI002,Shingle Creek u/s Green Mountain Road,Locations.WATER QUALITY,Water Quality,Water Quality,Water Quality
SOGPA_GW,South Okanagan Grassland Protected Area (Shallow),Locations.GROUNDWATER.BC Groundwater Other,Groundwater,Groundwater,Groundwater