Well,latitude,longitude,datasource,status,welltagno,emsid,uniqueID,elevation,summary,name,x,y
OW407,49.21599,-119.54109,Active well with real-time data,Active,104537,E284853,407,310.505,Observation Well 407 was included in the network in 2011. It is located in an unconfined sand and gravel aquifer identified as Aquifer #255 near Oliver.,OBS WELL 407 - Oliver,-13307253.27,6311590.161
OW404,49.31622,-119.72883,Active well with real-time data,Active,104538,E284851,404,816,Observation Well 404 was included in the network in 2011. It is located in a bedrock aquifer identified as Aquifer #260 near Twin Lakes.,OBS WELL 404 - Twin Lakes,-13328152.39,6328688.641
OW403,49.33003,-119.72338,Active well with real-time data,Active,104539,E284850,403,822,Observation Well 403 was included in the network in 2011. It is located in an unconfined sand and gravel aquifer identified as Aquifer #261 near Twin Lakes.,OBS WELL 403 - Twin Lakes,-13327545.7,6331047.248
OW409,50.510481,-119.225923,Active well with real-time data,Active,104830,E288429,409,513.11,Observation Well 409 was included in the network in 2012. It is located in an unconfined sand and gravel aquifer identified as Aquifer #103 near Spallumcheen.,OBS WELL 409 - Spallumcheen,-13272169.04,6535156.042
OW411,49.83667,-119.68638,Active well with real-time data,Active,106351,E289189,411,790,Observation Well 411 was included in the network in 2012. It is located in a bedrock aquifer identified as Aquifer #304 near West Kelowna.,OBS WELL 411 - West Kelowna,-13323426.88,6418037.863
OW410,49.88097,-119.254509,Active well with real-time data,Active,106355,E288430,410,1069.48,Observation Well 410 was included in the network in 2012. It is located in a bedrock aquifer identified as Aquifer #473 near Kelowna.,OBS WELL 410 - Kelowna,-13275351.22,6425687.403
OW442,49.950925,-119.365802,Active well with real-time data,Active,107712,E293350,442,435.57,Observation Well 442 was included in the network in 2013. It is located in a confined sand and gravel aquifer identified as Aquifer #464 in Kelowna.,OBS WELL 442 - Kelowna,-13287740.3,6437781.249
OW413,49.856567,-119.39871,Active well with real-time data,Active,107713,E293349,413,490.45,Observation Well 413 was included in the network in 2013. It is located in a confined sand and gravel aquifer identified as Aquifer #464 in Kelowna.,OBS WELL 413 - Kelowna,-13291403.6,6421472.727
OW467,49.02232,-119.42551,Active well with real-time data,Active,115691,E311344,467,347.54,Observation Well 467 was included in the network in 2018. It is located in an unconfined sand and gravel aquifer identified as Aquifer #194 near Osoyoos Lake.,OBS WELL 467 - Osoyoos Lake,-13294386.96,6278649.48
OW487,50.219445,-119.003821,Active well with real-time data,Active,120396,E319371,487,520.86,Observation Well 487 was included in the network in 2020. It is located in a confined sand and gravel aquifer identified as Aquifer #314 in Lumby.,OBS WELL 487 - Lumby,-13247444.76,6484366.942
OW506,49.24813,-119.52476,Active well with real-time data,Active,125206,E326591,506,0,Observation Well 506 was included in the network in 2021. It is located in an unconfined sand and gravel aquifer identified as Aquifer #255 near the Okanagan River.,OBS WELL 506 - Okanagan River,-13305435.42,6317069.22
OW515,50.49998,-119.561751,Active well with real-time data,Active,128014,E331411,515,587.59,Observation Well 515 was included in the network in 2023. It is located in a confined sand and gravel aquifer identified as Aquifer #98 (Salmon River – Lower Aquifer) in Falkland.,OBS WELL 515 - Falkland,-13309553.24,6533318.068
OW514,50.499981,-119.561773,Active well with real-time data,Active,128015,E331412,514,587.55,Observation Well 514 was included in the network in 2023. It is located in an unconfined sand and gravel aquifer identified as Aquifer #97 (Salmon River – Upper Aquifer) in Falkland.,OBS WELL 514 - Falkland,-13309555.69,6533318.243
OW512,49.082627,-119.571678,Active well with real-time data,Active,128380,E330911,512,584.06,Observation Well 512 was included in the network in 2023. It is located in a bedrock aquifer identified as Aquifer #238 in the South Okanagan Grasslands Protected Area near Osoyoos.,OBS WELL 512 (DEEP) - South Okanagan Grasslands Protected Area,-13310658.31,6288893.114
OW510,50.436207,-119.227912,Active well with real-time data,Active,128403,E330711,510,359.92,Observation Well 510 was included in the network in 2023. It is located in a confined sand and gravel aquifer identified as Aquifer #1153 near Armstrong.,OBS WELL 510 - Armstrong,-13272390.45,6522164.741
OW518,50.467333,-119.748417,Active well with real-time data,Active,130861,E335684,518,0,Observation Well 518 was included in the network in 2024. It is located in an unconfined sand and gravel identified as Aquifer #289 (Westwold Aquifer) in Westwold.,OBS WELL 518 - Westwold,-13330332.8,6527606.521
OW172,50.111364,-119.356336,Active well with real-time data,Active,8596,1401123,172,409.57,Observation Well 172 was included in the network in 1972. It is located in an unconfined sand and gravel aquifer identified as Aquifer #1238 in Oyama.,OBS WELL 172 - Oyama,-13286686.55,6465584.508
OW045,50.474341,-119.757755,Active well without real-time data,Active,19522,1401043,45,0,Observation Well 045 was included in the network in 1965. It is located in an unconfined sand and gravel aquifer identified as Aquifer #289 in Westwold.,OBS WELL 045 - Westwold,-13331372.31,6528832.228
OW075,49.20635,-119.82532,Active well with real-time data,Active,20533,1401030,75,413.655,Observation Well 075 was included in the network in 1967. It is located in an unconfined sand and gravel aquifer identified as Aquifer #259 in Keremeos.,OBS WELL 075 - Keremeos,-13338893.61,6309947.479
OW154,49.57765,-119.63526,Active well without real-time data,Active,22792,1400970,154,0,Observation Well 154 was included in the network in 1969. It is located in an unconfined sand and gravel aquifer identified as Aquifer #297 near Summerland.,OBS WELL 154 - Summerland,-13317736.22,6373451.016
OW115,49.94642,-118.94698,Active well with real-time data,Active,23980,1401038,115,0,Observation Well 115 was included in the network in 1970. It is located in an unmapped bedrock aquifer near Graystokes Provincial Park.,OBS WELL 115 - Graystokes Provincial Park,-13241117.24,6437001.894
OW117,50.427103,-119.227723,Active well with real-time data,Active,24062,1400957,117,374.17,Observation Well 117 was included in the network in 1971. It is located in a confined sand and gravel aquifer identified as Aquifer #1155 near Armstrong.,OBS WELL 117 - Armstrong,-13272369.41,6520573.759
OW118,50.471616,-119.131593,Active well with real-time data,Active,24080,1400964,118,383.28,Observation Well 118 was included in the network in 1971. It is located in a confined sand and gravel aquifer identified as Aquifer #1155 near Armstrong.,OBS WELL 118 - Armstrong,-13261668.27,6528355.601
OW122,50.507359,-119.129053,Active well with real-time data,Active,24093,1400962,122,369.5,Observation Well 122 was included in the network in 1971. It is located in a confined sand and gravel aquifer identified as Aquifer #1155 near Enderby.,OBS WELL 122 - Enderby,-13261385.52,6534609.56
OW185,50.510924,-119.354275,Active well with real-time data,Active,30438,1400001,185,421.05,Observation Well 185 was included in the network in 1974. It is located in an unconfined sand and gravel aquifer identified as Aquifer #97 in the Salmon River Valley.,OBS WELL 185 - Salmon River Valley,-13286457.12,6535233.589
OW180,50.403154,-119.216609,Active well with real-time data,Active,32340,1400951,180,420.82,Observation Well 180 was included in the network in 1972. It is located in an unconfined sand and gravel aquifer identified as Aquifer #353 near Armstrong.,OBS WELL 180 - Armstrong,-13271132.21,6516389.979
OW203,49.17459,-119.73606,Active well with real-time data,Active,33378,1401377,203,417.739,Observation Well 203 was included in the network in 1975. It is located in an unconfined sand and gravel aquifer identified as Aquifer #259 near Cawston.,OBS WELL 203 - Cawston,-13328957.23,6304537.754
OW236,49.879083,-119.399573,Active well with real-time data,Active,41865,1400095,236,396.9,Observation Well 236 was included in the network in 1979. It is located in a confined sand and gravel aquifer identified as Aquifer #464 near Rutland.,OBS WELL 236 - Rutland,-13291499.67,6425361.421
OW262,49.860097,-119.421006,Active well with real-time data,Active,44358,1401808,262,427.5,Observation Well 262 was included in the network in 1980. It is located in a confined sand and gravel aquifer identified as Aquifer #464 in Kelowna.,OBS WELL 262 - Kelowna,-13293885.58,6422082.266
OW047,50.36584,-119.08544,Active well without real-time data,Active,49951,1401050,47,1822,Observation Well 047 was included in the network in 1965. It is located in a bedrock aquifer identified as Aquifer #351 at Silver Star Mountain.,OBS WELL 047 - Silver Star Mountain,-13256530.54,6509875.606
OW282,49.26313,-119.59171,Active well with real-time data,Active,51824,1401947,282,441.819,Observation Well 282 was included in the network in 1983. It is located in a confined sand and gravel aquifer identified as Aquifer #257 in Willowbrook.,OBS WELL 282 - Willowbrook,-13312888.26,6319627.563
OW294,50.219595,-119.003824,Active well with real-time data,Active,55834,E206576,294,520.81,Observation Well 294 was included in the network in 1986. It is located in an unconfined sand and gravel aquifer identified as Aquifer #316 in Lumby.,OBS WELL 294 - Lumby,-13247445.09,6484393.038
OW306,49.438271,-119.086497,Active well with real-time data,Active,58685,E207754,306,784.715,Observation Well 306 was included in the network in 1989. It is located in an unconfined sand and gravel aquifer identified as Aquifer #482 in Beaverdell.,OBS WELL 306 - Beaverdell,-13256648.21,6349556.667
OW311,50.320322,-119.202478,Active well without real-time data,Active,59305,E218234,311,792.33,"Observation Well 311 was included in the network in 1991, deactivated in 2001, and reactivated in 2006. It is located in a bedrock aquifer identified as Aquifer #351 near Vernon.",OBS WELL 311 - Vernon,-13269559.15,6501935.889
OW264,49.11888,-119.67838,Active well without real-time data,Active,62733,1401811,264,0,Observation Well 264 was included in the network in 1980. It is located in a bedrock aquifer identified as Aquifer #1113 near Mt. Kobau.,OBS WELL 264 - Mt Kobau,-13322536.32,6295056.969
OW332,49.137819,-119.569162,Active well without real-time data,Active,62966,E232063,332,0,Observation Well 332 was included in the network in 1997. It is located in an unconfined sand and gravel aquifer identified as Aquifer #254 in Oliver.,OBS WELL 332 - Oliver,-13310378.23,6298278.831
OW356,50.008442,-119.3918,Active well with real-time data,Active,81678,E255033,356,434.75,Observation Well 356 was included in the network in 2004. It is located in a confined sand and gravel aquifer identified as Aquifer #344 in Winfield.,OBS WELL 356 - Winfield,-13290634.38,6447737.975
OW173,50.10688,-119.36066,Inactive well,Inactive,8374,1401126,173,0,Observation Well 173 was active between 1972 and 2009. It was located in a confined sand and gravel aquifer identified as Aquifer #345 in Oyama.,OBS WELL 173 - Oyama,-13287167.89,6464806.19
OW176,50.08588,-119.37663,Inactive well,Inactive,8533,1401134,176,0,Observation Well 176 was active between 1972 and 2009. It was located in a confined sand and gravel aquifer identified as Aquifer #345 near Oyama.,OBS WELL 176 - Oyama,-13288945.66,6461162.049
OW174,50.1028,-119.36565,Inactive well,Inactive,8608,1401131,174,0,Observation Well 174 was active between 1972 and 2009. It was located in a confined sand and gravel aquifer identified as Aquifer #345 in Oyama.,OBS WELL 174 - Oyama,-13287723.38,6464098.061
OW175,50.09754,-119.36272,Inactive well,Inactive,8623,1400022,175,0,Observation Well 175 was active between 1972 and 2007. It was located in a bedrock aquifer identified as Aquifer #1022 near Oyama.,OBS WELL 175 - Oyama,-13287397.21,6463185.218
OW401,49.023341,-119.363599,Active well without real-time data,Active,102362,E283989,401,0,Observation Well 401 was included in the network in 2010. It is located in a bedrock aquifer identified as Aquifer #808 near Osoyoos.,OBS WELL 401 - Osoyoos,-13287495.06,6278822.802
OW053,50.14622,-119.40034,Inactive well,Inactive,19772,1401040,53,0,Observation Well 053 was active between 1969 and 2008. It was located in a bedrock aquifer identified as Aquifer #471 near Carrs Landing.,OBS WELL 053 - Carrs Landing,-13291585.05,6471637.183
OW076,49.20367,-119.8283,Inactive well,Inactive,22585,1401031,76,0,Observation Well 076 was active between 1969 and 2010. It was located in an unconfined sand and gravel aquifer identified as Aquifer #259 in Keremeos.,OBS WELL 076 - Keremeos,-13339225.34,6309490.857
OW077,49.20864,-119.81307,Inactive well,Inactive,22625,1401032,77,0,"Observation Well 077 was active between 1968 and 2010 (however, data is available only from 1972 to 2010). It was located in an unconfined sand and gravel aquifer identified as Aquifer #259 in Keremeos. ",OBS WELL 077 - Keremeos,-13337529.94,6310337.673
OW054,50.14502,-119.40084,Inactive well,Inactive,22692,1401041,54,0,Observation Well 054 was active between 1969 and 2008. It was located in a bedrock aquifer identified as Aquifer #471 near Carrs Landing.,OBS WELL 054 - Carrs Landing,-13291640.71,6471428.732
OW105,49.05271,-119.50467,Inactive well,Inactive,22702,1401089,105,0,Observation Well 105 was active between 1969 and 2009. It was located in an unconfined sand and gravel aquifer identified as Aquifer #193 (Osoyoos West Aquifer) in Osoyoos.,OBS WELL 105 - Osoyoos,-13303199.01,6283809.915
OW387,49.66968,-119.38021,Active well with real-time data,Active,94930,E277649,387,0,Observation Well 387 was included in the network in 2008. It is located in an unmapped bedrock aquifer near Naramata.,OBS WELL 387 - Naramata,-13289344.19,6389265.546
OW107,49.0556,-119.50169,Inactive well,Inactive,22706,1401091,107,0,Observation Well 107 was active between 1969 and 2009. It was located in an unconfined sand and gravel aquifer identified as Aquifer #193 (Osoyoos West Aquifer) in Osoyoos.,OBS WELL 107 - Osoyoos,-13302867.28,6284300.822
OW102,49.06118,-119.50805,Inactive well,Inactive,22713,1401086,102,0,Observation Well 102 was active between 1969 and 2008. It was located in an unconfined sand and gravel aquifer identified as Aquifer #193 (Osoyoos West Aquifer) in Osoyoos.,OBS WELL 102 - Osoyoos,-13303575.27,6285248.743
OW101,49.05741,-119.51228,Inactive well,Inactive,22731,1401084,101,0,Observation Well 101 was active between 1969 and 2017. It was located in an unconfined sand and gravel aquifer identified as Aquifer #193 (Osoyoos West Aquifer) in Osoyoos.,OBS WELL 101 - Osoyoos,-13304046.15,6284608.29
OW100,49.05837,-119.5106,Inactive well,Inactive,22733,1401083,100,0,Observation Well 100 was active between 1969 and 2008. It was located in an unconfined sand and gravel aquifer identified as Aquifer #193 (Osoyoos West Aquifer) in Osoyoos.,OBS WELL 100 - Osoyoos,-13303859.14,6284771.372
OW096,49.02825,-119.47653,Inactive well,Inactive,22769,1401093,96,0,Observation Well 096 was active between 1969 and 2020. It was located in an unconfined sand and gravel aquifer identified as Aquifer #193 (Osoyoos West Aquifer) in Osoyoos.,OBS WELL 096 - Osoyoos,-13300066.48,6279656.188
OW402,49.030404,-119.347269,Active well with real-time data,Active,102364,E283990,402,0,Observation Well 402 was included in the network in 2010. It is located in a bedrock aquifer identified as Aquifer #936 near Osoyoos.,OBS WELL 402 - Osoyoos,-13285677.21,6280021.892
OW097,49.02828,-119.47586,Inactive well,Inactive,22772,1401094,97,0,Observation Well 097 was active between 1969 and 2008. It was located in an unconfined sand and gravel aquifer identified as Aquifer #193 (Osoyoos West Aquifer) in Osoyoos.,OBS WELL 097 - Osoyoos,-13299991.9,6279661.281
OW152,49.5707,-119.62876,Inactive well,Inactive,22793,1400968,152,0,"Observation Well 152 was active between 1969 and 1995 (however, data is available only from 1989 to 1995). It was located in an unconfined sand and gravel aquifer identified as Aquifer #297 in Summerland. ",OBS WELL 152 - Summerland,-13317012.65,6372257.932
OW153,49.56668,-119.62417,Inactive well,Inactive,22796,1400969,153,0,Observation Well 153 was active between 1969 and 2007. It was located in an unconfined sand and gravel aquifer identified as Aquifer #297 in Summerland.,OBS WELL 153 - Summerland,-13316501.69,6371567.91
OW158,49.57168,-119.64562,Inactive well,Inactive,22813,1400974,158,0,Observation Well 158 was active between 1969 and 2007. It was located in an unconfined sand and gravel aquifer identified as Aquifer #297 in Summerland.,OBS WELL 158 - Summerland,-13318889.49,6372426.155
OW384,50.499953,-119.211984,Active well with real-time data,Active,93924,E275523,384,503.67,Observation Well 384 was included in the network in 2008. It is located in a confined sand and gravel aquifer identified as Aquifer #102 in Hullcar.,OBS WELL 384 - Hullcar,-13270617.36,6533313.342
OW119,50.42612,-119.21713,Inactive well,Inactive,24104,1400958,119,0,Observation Well 119 was active between 1971 and 2010. It was located in a confined sand and gravel aquifer identified as Aquifer #1153 near Spallumcheen.,OBS WELL 119 - Spallumcheen,-13271190.21,6520401.992
OW162,50.06948,-119.37242,Inactive well,Inactive,26248,1401100,162,0,Observation Well 162 was active between 1972 and 2017. It was located in a bedrock aquifer identified as Aquifer #1022 near Oyama.,OBS WELL 162 - Oyama,-13288477.01,6458317.259
OW177,50.04759,-119.39849,Inactive well,Inactive,26376,1401140,177,0,"Observation Well 177 was active between 1972 and 2003 (however, data is available only from 1991 to 2003).It was located in a confined sand and gravel aquifer identified as Aquifer #344 in Lake Country. ",OBS WELL 177 - Lake Country,-13291379.11,6454521.673
OW405,49.16931,-119.5639,Active well with real-time data,Active,104536,E284852,405,315.983,Observation Well 405 was included in the network in 2011. It is located in an unconfined sand and gravel aquifer identified as Aquifer #256 in Oliver.,OBS WELL 405 - Oliver,-13309792.47,6303638.741
OW057,50.00962,-119.38561,Inactive well,Inactive,26859,1400103,57,0,Observation Well 057 was active between 1975 and 2003. It was located in a confined sand and gravel aquifer identified as Aquifer #344 in Winfield.,OBS WELL 057 - Winfield,-13289945.31,6447942.022
OW305,49.81326,-119.49466,Inactive well,Inactive,53654,E216598,305,0,Observation Well 305 was active between 1989 and 1998. It was located in an unconfined sand and gravel aquifer identified as Aquifer #462 near Kelowna.,OBS WELL 305 - Kelowna,-13302084.7,6413998.351
OW322,50.31755,-119.18881,Inactive well,Inactive,60266,E219608,322,0,Observation Well 322 was active between 1993 and 2003. It was located in a confined sand and gravel aquifer identified as Aquifer #349 near Vernon.,OBS WELL 322 - Vernon,-13268037.64,6501452.614
OW348,49.214015,-119.558074,Inactive well,Inactive,79040,,348,0,Observation Well 348 was active between 2000 and 2007. It was located in an unconfined sand and gravel aquifer identified as Aquifer #255 near Oliver.,OBS WELL 348 - Oliver,-13309143.92,6311253.59
OW366,49.58708,-119.73527,Inactive well,Inactive,85744,E261517,366,0,Observation Well 366 was active between 2005 and 2018. It was located in a confined sand and gravel aquifer identified as Aquifer #299 near Summerland.,OBS WELL 366 - Summerland,-13328869.29,6375070.104